{"base_files_url": "https://raw.githubusercontent.com/Jokippo/MiSTer_PWM_Cores/237c06ff78f6c89d72ed598cb628f7044384c6da/", "db_id": "Jokippo/MiSTer_PWM_Cores", "db_url": "https://raw.githubusercontent.com/Jokippo/MiSTer_PWM_Cores/db/db.json.zip", "files": {"_ConsolePWM/N64_PWM_20250812.rbf": {"hash": "d9dc0355f9e4db61756627ebd904a3e3", "size": 3832020, "tags": [22, 23, 26]}, "_ConsolePWM/PSX_PWM_20250629.rbf": {"hash": "8aab04d3055f8e65e1267cfa8ccff2f7", "size": 4356908, "tags": [22, 23, 27]}, "_ConsolePWM/Saturn_PWM_20251117.rbf": {"hash": "9e05ba6106bab5b775a9ce7aa0a2e13d", "size": 4629932, "tags": [22, 23, 28]}, "_ConsolePWM/_Turbo/N64_80MHz_PWM_20250929.rbf": {"hash": "23beedf80620672b969a36847e4ade44", "size": 3861132, "tags": [22, 23, 24]}, "_ConsolePWM/_Turbo/PSX2XCPU_PWM_20250629.rbf": {"hash": "ecbd81a74cab03b7212185ea6db6b96b", "size": 4532008, "tags": [22, 23, 25]}}, "folders": {"_ConsolePWM": {"tags": [22]}, "_ConsolePWM/_Turbo": {"tags": [22, 29]}}, "tag_dictionary": {"consolepwm": 22, "cores": 23, "n6480mhzpwm": 24, "n64pwm": 26, "psx2xcpupwm": 25, "psxpwm": 27, "saturnpwm": 28, "turbo": 29}, "timestamp": 1763406885}